"","PartID","slopeOn","slopeOff","slopeProp_On","slope_me","slope_mt","Subgroup","Age","Sex","Elision","Blending","WID","WA","X","group","aud_acc","vis_acc","aud_slope_scale","vis_slope_scale","aud_fam_rt","vis_fam_rt","aud_fam_dprime","vis_fam_dprime","PA","WR"
"1","ABCD_1702",0.0877352941176471,-0.536162011363254,0.00438281374018873,-0.499999999999999,-1.44047619047619,"TYP",21,1,10,12,118,104,1,"Typical",0.625,0.625,0.04,-0.041,478.404,566.25,2.359236746,8.020916743,11,111
"2","ABCD_1703",0.181264705882353,-1.23642523541129,0.00906019894464532,-1.71428571428571,-0.761904761904762,"TYP",20,1,12,16,112,112,2,"Typical",0.562,0.719,0.024,0.025,330.494,509.042,0.688977069,8.264070967,14,112
"3","ABCD_1704",0.256264705882353,-2.4820104607295,0.0128132352941176,-4.10714285714285,-4.32142857142857,"DD",26,1,10,13,89,63,NA,NA,NA,NA,NA,NA,NA,NA,NA,NA,11.5,76
"4","ABCD_1705",0.0356617647058823,-0.0435089562140533,0.00178445519887115,-0.726190476190476,-0.833333333333333,"TYP",22,1,11,12,118,98,3,"Typical",0.594,0.969,NA,-0.009,NA,503.174,NA,4.402755679,11.5,108
"5","ABCD_1706",-0.319632352941176,-0.813558637355084,-0.0159816176470588,-0.371428571428576,-0.759000000000002,"TYP",31,2,12,15,130,98,NA,NA,NA,NA,NA,NA,NA,NA,NA,NA,13.5,114
"6","ABCD_1707",NA,NA,NA,NA,NA,"TYP",20,1,NA,NA,NA,NA,NA,NA,NA,NA,NA,NA,NA,NA,NA,NA,NA,NA
"7","ABCD_1708",0.235882352941176,-2.20279563917335,0.0117941176470588,-2.27380952380952,-2.48809523809524,"TYP",23,1,9,13,102,93,4,"Typical",0.719,NA,-0.014,NA,339.341,NA,0.814706445,NA,11,97.5
"8","ABCD_1709",0.598544117647059,-0.0629635882693144,0.0299295738160332,-2.66666666666667,-3.16666666666667,"TYP",20,1,10,14,112,104,5,"Typical",0.531,0.594,0.009,0.023,344.341,502.375,1.75480906,8.264070967,12,108
"9","ABCD_1710",0.0277941176470588,-0.640389666662894,0.00138970588235295,-2.30952380952381,-2.32142857142857,"TYP",19,1,10,13,106,104,6,"Typical",0.625,0.969,0.031,-0.094,435.757,384.75,0.713471583,8.020916743,11.5,105
"10","ABCD_1711",NA,NA,NA,NA,NA,"DD",18,1,10,4,70,64,7,"Dyslexic",0.438,0.625,0.019,0.03,363.899,536.083,1.043514687,8.264070967,7,67
"11","ABCD_1714",0.178794117647059,0.554846495953311,0.00893564871975777,-1.6547619047619,-0.535714285714284,"DD",23,2,8,8,86,79,8,"Dyslexic",0.5,0.562,-0.035,-0.004,543.546,545.857,0.792564378,3.465354585,8,82.5
"12","ABCD_1716",0.210779411764706,-1.69846029099899,0.0105358321930057,-1.9047619047619,-1.02380952380952,"TYP",22,1,10,15,118,93,9,"Typical",0.812,0.938,-0.008,-0.038,278.493,353.708,3.226476983,8.264070967,12.5,105.5
"13","ABCD_1717",0.104514705882353,-0.612680367018607,0.004125,-2.79761904761905,0.0476190476190485,"TYP",25,1,9,17,112,104,NA,NA,NA,NA,NA,NA,NA,NA,NA,NA,13,108
"14","ABCD_1719",NA,NA,NA,NA,NA,"TYP",40,2,NA,NA,NA,NA,NA,NA,NA,NA,NA,NA,NA,NA,NA,NA,NA,NA
"15","ABCD_1720",0.311838235294118,-0.905340330464173,0.0155930597201399,-2.4047619047619,-2.58333333333333,"TYP",28,2,9,12,113,101,10,"Typical",0.688,0.188,-0.019,-0.009,NA,572.417,NA,8.020916743,10.5,107
"16","ABCD_1721",0.0587058823529412,0.468789484079731,0.00293519262607757,-0.452380952380953,-1.85714285714286,"TYP",19,2,4,10,102,98,11,"Typical",0.656,0.594,0.003,-0.054,248.123,548.917,2.399529376,8.264070967,7,100
"17","ABCD_1722",0.0217352941176471,-1.89886737015993,0.00108922083076109,-0.428571428571428,-0.833333333333333,"DD",23,1,3,3,77,59,NA,NA,NA,NA,NA,NA,NA,NA,NA,NA,3,68
"18","ABCD_1724",0.0887647058823529,-0.848630838975261,0.00443802694241115,-3.5952380952381,-2.82142857142857,"TYP",24,1,9,13,118,98,12,"Typical",0.719,0.594,-0.034,0.064,337.566,511.875,1.227874438,8.264070967,11,108
"19","ABCD_1725",0.208529411764706,-0.230406762570075,0.0104264705882353,-0.988095238095238,-0.583333333333333,"TYP",25,2,10,12,106,93,13,"Typical",0.656,0.812,0.007,0.055,241.853,601.957,1.231397957,4.159601455,11,99.5
"20","ABCD_1726",-0.0790441176470588,-0.941067851567075,-0.00395191779110444,-1.21428571428571,-1.12345238095238,"TYP",30,2,5,8,104,112,NA,NA,NA,NA,NA,NA,NA,NA,NA,NA,6.5,108
"21","ABCD_1727",0.332044117647059,-1.00723896373664,0.016598688155922,-0.535714285714285,0.0952380952380952,"DD",25,1,8,10,77,68,14,"Dyslexic",NA,0.844,NA,0.024,NA,469.042,NA,8.264070967,9,72.5
"22","ABCD_1728",NA,NA,NA,NA,NA,NA,NA,NA,NA,NA,NA,NA,15,"Typical",0.875,0.781,0.007,-0.034,NA,431.083,NA,8.264070967,NA,NA
"23","ABCD_1729",-0.102058823529412,-1.23846571084574,-0.00501259314862268,-2.41666666666667,-0.857142857142857,"TYP",23,2,11,11,98,98,16,"Typical",0.5,0.656,-0.027,0.019,466.667,442.905,1.058923219,3.583902242,11,98
"24","ABCD_1730",0.412985294117647,-0.47760248566363,0.0206469205016696,-2.36904761904762,-1.39285714285714,"TYP",32,2,9,8,108,102,17,"Typical",0.625,0.75,-0.027,-0.021,277.556,543.292,1.757828249,8.020916743,8.5,105
"25","ABCD_1732",0.0876323529411764,-1.22392727198842,0.00438263475843745,-1.32142857142857,-1.25,"TYP",21,1,10,11,98,112,18,"Typical",0.594,0.281,0.012,0.02,376.618,520.958,1.263216734,8.264070967,10.5,105
"26","ABCD_1734",0.251676470588235,-0.300144734006967,0.0125870638210307,-1.47619047619047,-3.34523809523809,"TYP",41,1,8,9,101,96,19,"Typical",0.562,0.375,0.01,-0.008,398.514,557.25,1.800839539,8.020916743,8.5,98.5
"27","ABCD_1735",0.239838235294118,-0.545676403489868,0.0119919117647059,-0.750000000000001,-0.976190476190476,"DD",31,2,6,11,98,79,20,"Dyslexic",0.781,0.469,0.019,0.001,389.128,577.652,0.613715099,3.920776306,8.5,88.5
"28","ABCD_1736",0.340411764705882,-0.442343363121224,0.0170205882352941,NA,NA,"TYP",31,2,12,15,108,121,21,"Typical",0.781,0.75,0.012,-0.027,373.475,577.833,2.456538308,8.264070967,13.5,114.5
"29","ABCD_1739",0.0388529411764705,-1.99438465129641,0.00194745127436282,0.0119047619047622,-1.07142857142857,"TYP",30,2,9,9,108,96,22,"Typical",0.75,0.938,0.014,0.001,350.82,483.708,0.741110754,8.264070967,9,102
"30","ABCD_1740",0.247161764705882,-0.0656334463610009,0.0123606479848311,-5.13095238095238,-1.54761904761905,"DD",30,1,9,11,90,77,NA,NA,NA,NA,NA,NA,NA,NA,NA,NA,10,83.5
"31","ABCD_1742",0.363544117647059,-1.45012705689562,0.0181772058823529,-0.357142857142857,-0.261904761904761,"TYP",20,2,12,15,118,104,23,"Typical",0.969,0.25,-0.037,0.049,572.483,496.708,3.091440989,8.020916743,13.5,111
"32","ABCD_1747",0.344411764705882,1.45232293119677,0.0172186384748802,-2.30952380952381,-1.91666666666667,"TYP",22,2,10,8,112,98,24,"Typical",0.812,0.656,0.031,0.026,NA,451.292,NA,8.020916743,9,105
"33","ABCD_1749",0.395411764705882,-0.434667518154359,0.0197702431872299,-5.25,-2.72619047619048,"TYP",27,1,12,17,108,106,25,"Typical",0.438,0.938,0.006,-0.013,258.667,347.045,0.827742686,3.813986993,14.5,107
"34","ABCD_1751",0.384205882352941,0.121609500750377,0.0192093185025134,-0.797619047619047,-1.9047619047619,"DD",38,2,4,11,93,70,26,"Dyslexic",0.438,0.531,-0.01,0.014,385.517,477.042,1.333666418,8.264070967,7.5,81.5
"35","ABCD_1752",0.4325,-1.16096747808435,0.021625870520622,-0.345238095238095,-0.821428571428571,"DD",33,2,10,11,95,79,NA,NA,NA,NA,NA,NA,NA,NA,NA,NA,10.5,87
"36","ABCD_1753",-0.147808823529412,-0.0453151165999497,-0.00739044117647059,-1.22619047619048,-2.16940476190476,"TYP",33,2,11,14,108,102,NA,NA,NA,NA,NA,NA,NA,NA,NA,NA,12.5,105
"37","ABCD_1754",0.254411764705882,-1.01299533241096,0.0127190783284828,-3.80952380952381,-5.5,"TYP",19,1,11,12,118,121,27,"Typical",0.688,0.875,-0.006,-0.018,299.323,418.875,0.668738544,8.020916743,11.5,119.5
"38","ABCD_1756",0.0392352941176471,-0.474601780658276,0.00196176470588235,-0.238095238095238,-1.16666666666667,"DD",24,1,4,11,86,75,28,"Dyslexic",0.531,0.562,0.04,-0.019,NA,617,NA,2.976511563,7.5,80.5
"39","ABCD_1758",0.20510294117647,-1.75134279892794,0.0102582727018844,-0.547619047619048,-0.654761904761905,"DD",28,2,11,14,101,77,NA,NA,NA,NA,NA,NA,NA,NA,NA,NA,12.5,89
"40","ABCD_1760",0.283514705882353,-1.73827491522925,0.0141757352941176,-0.547619047619047,-1.42857142857143,"DD",27,1,7,11,104,88,NA,NA,NA,NA,NA,NA,NA,NA,NA,NA,9,96
"41","ABCD_1763",0.386779411764706,-0.207064271727576,0.0193389705882353,-2.10714285714285,-1.35714285714286,"DD",38,2,4,7,95,86,NA,NA,NA,NA,NA,NA,NA,NA,NA,NA,5.5,90.5
"42","ABCD_1764",0.155794117647059,-0.548400568729512,0.00779061351677102,-0.535714285714285,-0.903809523809523,"DD",24,1,8,12,80,75,29,"Dyslexic",0.562,0.938,-0.014,-0.049,463.838,422.167,1.10866331,8.264070967,10,77.5
"43","ABCD_1765",NA,NA,NA,NA,NA,"TYP",34,1,NA,NA,NA,NA,NA,NA,NA,NA,NA,NA,NA,NA,NA,NA,NA,NA
"44","ABCD_1767",0.241985294117647,-1.05225536975924,0.0120992647058824,-1.39285714285714,0.285714285714287,"DD",37,1,10,11,95,79,30,"Dyslexic",0.5,0.844,-0.033,-0.048,NA,386.75,NA,8.264070967,10.5,87
"45","ABCD_1768",0.125544117647059,-1.09197120346114,0.00627483133433283,-1.4047619047619,-0.665476190476189,"DD",22,1,8,4,80,80,31,"Dyslexic",0.562,0.938,-0.014,0.065,203.608,479.955,0.56884476,3.813986993,6,80
"46","ABCD_1774",0.36375,0.526817600184473,0.0181875,NA,NA,"DD",19,2,11,14,86,83,NA,NA,NA,NA,NA,NA,NA,NA,NA,NA,12.5,84.5
"47","ABCD_1776",0.201147058823529,-0.498782703364743,0.0100573529411765,-2.58333333333333,-2.6397619047619,"DD",28,2,10,6,101,80,32,"Dyslexic",0.562,0.5,0.008,-0.019,451.394,459.625,1.775280206,8.264070967,8,90.5
"48","ABCD_1777",NA,NA,NA,NA,NA,NA,NA,NA,NA,NA,NA,NA,33,"Dyslexic",0.5,0.906,-0.004,-0.038,524.542,476,1.566304267,3.813986993,NA,NA
"49","ABCD_1778",-0.0732417582417582,0.570049950049945,-0.00366650949256294,-2.30952380952381,-1.89571428571428,"DD",18,1,10,13,89,77,34,"Dyslexic",0.5,0.875,-0.012,-0.089,382.055,438.25,0.423620368,8.264070967,11.5,83
"50","ABCD_1781",0.138102941176471,-1.09706490963456,0.00690603264544198,-0.523809523809523,-2.61,"DD",31,1,6,8,81,77,35,"Dyslexic",0.5,0.406,0.019,-0.011,390.665,529.952,0.300037591,3.345077093,7,79
"51","ABCD_1782",0.702720588235294,-0.792825715306368,0.0341411764705882,-0.952380952380952,-2.3797619047619,"DD",34,2,10,11,113,107,NA,NA,NA,NA,NA,NA,NA,NA,NA,NA,10.5,110
"52","ABCD_1783",0.175897058823529,0.0266841878451703,0.00879610635858541,-1.95238095238095,-1.93202380952381,"TYP",35,1,10,12,113,94,36,"Typical",0.594,0.688,0.037,0.037,NA,481.875,NA,8.264070967,11,103.5
"53","ABCD_1784",0.2095,0.645409224418519,0.010475,-1.5,-1.02238095238095,"DD",20,2,8,14,86,79,37,"Dyslexic",0.656,0.875,-0.017,-0.097,498.704,401.125,1.325955982,7.902369087,11,82.5
"54","ABCD_1786",NA,NA,NA,NA,NA,"TYP",36,1,12,16,113,113,NA,NA,NA,NA,NA,NA,NA,NA,NA,NA,14,113
"55","ABCD_1787",0.288117647058823,-2.32464847544956,0.0144016436634624,-0.107142857142857,-0.469404761904761,"DD",18,1,9,12,89,70,38,"Dyslexic",0.594,0.969,0.018,-0.062,270.425,429.458,0.756267638,8.264070967,10.5,79.5
"56","ABCD_1788",0.0949705882352942,-0.915618982410782,0.00475521336314985,-0.44047619047619,0.502023809523811,"TYP",34,2,10,11,119,94,39,"Typical",0.5,0.5,0.006,0.018,NA,491.25,NA,8.264070967,10.5,106.5
"57","ABCD_1790",0.346073529411765,0.306863638167819,0.0173021379016374,-1.1547619047619,-0.23595238095238,"DD",25,1,10,14,98,83,NA,NA,NA,NA,NA,NA,NA,NA,NA,NA,12,90.5
"58","ABCD_1791",NA,NA,NA,NA,NA,"DD",37,1,NA,NA,NA,NA,NA,NA,NA,NA,NA,NA,NA,NA,NA,NA,NA,NA
"59","ABCD_1792",0.0471176470588234,0.604635622805138,0.00235588235294118,-0.666666666666667,-1.84535714285714,"DD",22,1,10,13,80,68,40,"Dyslexic",0.5,0.938,0.003,-0.036,541.145,342.542,2.211420139,8.020916743,11.5,74
"60","ABCD_1793",NA,NA,NA,NA,NA,"DD",20,1,NA,NA,NA,NA,NA,NA,NA,NA,NA,NA,NA,NA,NA,NA,NA,NA
"61","ABCD_1794",0.27185294117647,-0.363650283325202,0.0135926470588235,-0.416666666666665,-1.48261904761905,"DD",19,1,9,11,89,79,41,"Dyslexic",0.656,0.469,-0.021,-0.047,311.259,492.625,2.317984912,8.264070967,10,84
"62","ABCD_1795",0.39675,-0.831350690073606,0.0198375,NA,NA,"DD",36,1,9,11,87,94,NA,NA,NA,NA,NA,NA,NA,NA,NA,NA,10,90.5
"63","ABCD_1796",NA,NA,NA,NA,NA,"DD",18,2,NA,NA,NA,NA,NA,NA,NA,NA,NA,NA,NA,NA,NA,NA,NA,NA
"64","ABCD_1798",NA,NA,NA,NA,NA,"DD",25,1,NA,NA,NA,NA,NA,NA,NA,NA,NA,NA,NA,NA,NA,NA,NA,NA
